<?xml version="1.0" encoding="UTF-8"?>
<project-private xmlns="http://www.netbeans.org/ns/project-private/1">
    <editor-bookmarks xmlns="http://www.netbeans.org/ns/editor-bookmarks/2" lastBookmarkId="0"/>
    <open-files xmlns="http://www.netbeans.org/ns/projectui-open-files/2">
        <group>
            <file>file:/C:/Users/favya/OneDrive/Documentos/NetBeansProjects/Taller4App/src/taller4app/Main.java</file>
            <file>file:/C:/Users/favya/OneDrive/Documentos/NetBeansProjects/Taller4App/src/taller4app/Taller4App.java</file>
            <file>file:/C:/Users/favya/OneDrive/Documentos/NetBeansProjects/Taller4App/src/taller4app/App.java</file>
            <file>file:/C:/Users/favya/OneDrive/Documentos/NetBeansProjects/Taller4App/src/taller4app/NodoMensaje.java</file>
            <file>file:/C:/Users/favya/OneDrive/Documentos/NetBeansProjects/Taller4App/src/taller4app/ListaInscripciones.java</file>
            <file>file:/C:/Users/favya/OneDrive/Documentos/NetBeansProjects/Taller4App/src/taller4app/ListaMensajes.java</file>
            <file>file:/C:/Users/favya/OneDrive/Documentos/NetBeansProjects/Taller4App/src/taller4app/NodoPersona.java</file>
            <file>file:/C:/Users/favya/OneDrive/Documentos/NetBeansProjects/Taller4App/src/taller4app/Profesor.java</file>
            <file>file:/C:/Users/favya/OneDrive/Documentos/NetBeansProjects/Taller4App/src/taller4app/Mensaje.java</file>
            <file>file:/C:/Users/favya/OneDrive/Documentos/NetBeansProjects/Taller4App/src/taller4app/ListaPersonas.java</file>
            <file>file:/C:/Users/favya/OneDrive/Documentos/NetBeansProjects/Taller4App/src/taller4app/Inscripcion.java</file>
            <file>file:/C:/Users/favya/OneDrive/Documentos/NetBeansProjects/Taller4App/src/taller4app/Asignatura.java</file>
            <file>file:/C:/Users/favya/OneDrive/Documentos/NetBeansProjects/Taller4App/src/taller4app/NodoInscripcion.java</file>
            <file>file:/C:/Users/favya/OneDrive/Documentos/NetBeansProjects/Taller4App/src/taller4app/RegistroError.java</file>
            <file>file:/C:/Users/favya/OneDrive/Documentos/NetBeansProjects/Taller4App/src/taller4app/Persona.java</file>
            <file>file:/C:/Users/favya/OneDrive/Documentos/NetBeansProjects/Taller4App/src/taller4app/Alumno.java</file>
        </group>
    </open-files>
</project-private>
